[null,{"name":"on","permissions":"NONE","restriction":"1","_id":"Deycv","actions":[{"channel":"0","varName":"","message":"olá eu estou aqui","storage":"0","varName2":"","iffalse":"0","iffalseVal":"","name":"Send Message"}]},{"name":"userinfo","permissions":"NONE","restriction":"1","_id":"uXSHY","actions":[{"info":"0","infoIndex":"1","storage":"1","varName":"ID","name":"Store Command Params"},{"description":"Checks","jump_to_anchor":"Checks","color":"#80ff80","name":"Jump to Anchor"},{"name":"End Action Sequence"},{"anchor_id":"Author","color":"#ff80c0","description":"Author","name":"Create Anchor"},{"member":"1","varName":"","info":"24","storage":"1","varName2":"entrou.em(author)","name":"Store Member Info"},{"sourceDate":"${msg.author.createdAt}","dateLanguage":"","modeStorage":"1","info":"0","buildInput":"DD/MM/YYYY [às] HH:mm","storage":"1","varName":"data","name":"Store Date Info Plus"},{"sourceDate":"${tempVars(\"entrou.em(author)\")}","dateLanguage":"","modeStorage":"1","info":"0","buildInput":"DD/MM/YYYY [às] HH:mm","storage":"1","varName":"data2","name":"Store Date Info Plus"},{"title":"🧐 **|** ${msg.author.tag}","author":"","color":"02baf0","url":"","authorIcon":"","authorUrl":"","imageUrl":"","thumbUrl":"${msg.author.displayAvatarURL({ dynamic: true, format: 'png', size: 2048 })}","timestamp":"true","debug":"false","text":"","year":"","month":"","day":"","hour":"","minute":"","second":"","storage":"1","varName":"emebed.author","name":"Create Embed Message"},{"storage":"1","varName":"emebed.author","fieldName":"🔖 Tag do Discord","message":"`${msg.author.tag}`","inline":"0","name":"Add Embed Field"},{"storage":"1","varName":"emebed.author","fieldName":"💻 ID do Discord","message":"`${msg.author.id}`","inline":"0","name":"Add Embed Field"},{"storage":"1","varName":"emebed.author","fieldName":"📅 Conta criada no dia","message":"`${tempVars(\"data\")}`","inline":"0","name":"Add Embed Field"},{"storage":"1","varName":"emebed.author","fieldName":"🌟 Entrou aqui no dia","message":"`${tempVars(\"data2\")}`","inline":"0","name":"Add Embed Field"},{"storage":"1","varName":"emebed.author","channel":"0","varName2":"","storage3":"0","varName3":"","iffalse":"0","iffalseVal":"","messageContent":"","name":"Send Embed Message"},{"name":"End Action Sequence"},{"anchor_id":"Mentioned","color":"#0080ff","description":"Mentioned","name":"Create Anchor"},{"member":"0","varName":"","info":"24","storage":"1","varName2":"entrou.em(mentioned)","name":"Store Member Info"},{"sourceDate":"${mentionedUser.createdAt}","dateLanguage":"","modeStorage":"1","info":"0","buildInput":"DD/MM/YYYY [às] HH:mm","storage":"1","varName":"data","name":"Store Date Info Plus"},{"sourceDate":"${tempVars(\"entrou.em(mentioned)\")}","dateLanguage":"","modeStorage":"1","info":"0","buildInput":"DD/MM/YYYY [às] HH:mm","storage":"1","varName":"data2","name":"Store Date Info Plus"},{"title":"🧐 **|** ${mentionedUser.tag}","author":"","color":"02baf0","url":"","authorIcon":"","authorUrl":"","imageUrl":"","thumbUrl":"${mentionedUser.displayAvatarURL({ dynamic: true, format: 'png', size: 2048 })}","timestamp":"true","debug":"false","text":"","year":"","month":"","day":"","hour":"","minute":"","second":"","storage":"1","varName":"emebed.mencionado","name":"Create Embed Message"},{"storage":"1","varName":"emebed.mencionado","fieldName":"🔖 Tag do Discord","message":"`${mentionedUser.tag}`","inline":"0","name":"Add Embed Field"},{"storage":"1","varName":"emebed.mencionado","fieldName":"💻 ID do Discord","message":"`${mentionedUser.id}`","inline":"0","name":"Add Embed Field"},{"storage":"1","varName":"emebed.mencionado","fieldName":"📅 Conta criada no dia","message":"`${tempVars(\"data\")}`","inline":"0","name":"Add Embed Field"},{"storage":"1","varName":"emebed.mencionado","fieldName":"🌟 Entrou aqui no dia","message":"`${tempVars(\"data2\")}`","inline":"0","name":"Add Embed Field"},{"storage":"1","varName":"emebed.mencionado","channel":"0","varName2":"","storage3":"0","varName3":"","iffalse":"0","iffalseVal":"","messageContent":"","name":"Send Embed Message"},{"name":"End Action Sequence"},{"anchor_id":"ID","color":"#ff8080","description":"ID","name":"Create Anchor"},{"storage":"1","varName":"ID","comparison":"10","value":"\"<@\"","iftrue":"4","iftrueVal":"Mentioned","iffalse":"0","iffalseVal":"","name":"Check Variable"},{"code":"const moment = require('moment');\n(async () => {\n    try {\n        member = await client.users.fetch(tempVars(\"ID\"));\n        const Discord = require('discord.js')\n        const embed = new Discord.MessageEmbed();\n        embed.setTitle(`🧐 **|** ${member.tag}`)\n        embed.setColor('#02baf0')\n        embed.addFields(  \n        { name: \"🔖 Tag no Discord\", value: `\\`${member.tag}\\``, inline: true },\n        { name: \"💻 ID no Discord\", value: `\\`${member.id}\\``, inline: true},\n        { name: \"📅 Conta criada no dia\", value: `\\`${moment(member.createdAt).format(\"DD/MM/YYYY [às] HH:mm\")}\\``, inline: true },\n    )\n        embed.setThumbnail(`${member.displayAvatarURL({ format: 'webp', dynamic: true, size: 2048 })}`)\n        embed.setTimestamp()\n        msg.channel.send(embed)\n    } catch (err) {\n        msg.channel.send(\":x: **Usuário não encontrado!**\");\n    }\n})()","behavior":"0","interpretation":"1","storage":"0","varName":"","VTypeSelect":"0","CVTypeValue":"","name":"Run Script"},{"name":"End Action Sequence"},{"anchor_id":"Checks","color":"#80ff80","description":"Checks","name":"Create Anchor"},{"condition":"1","comparison":"0","value":"1","iftrue":"4","iftrueVal":"Mentioned","iffalse":"0","iffalseVal":"Mentioned","name":"Check Parameters"},{"condition":"0","comparison":"0","value":"1","iftrue":"4","iftrueVal":"ID","iffalse":"4","iffalseVal":"Author","name":"Check Parameters"}],"comType":"0","customData":{"Command Info":{"category":"Nenhuma","description":"Sem descrição","include":"No"}},"_aliases":["ui"]},{"name":"say2","permissions":"NONE","restriction":"1","_id":"adZyA","actions":[{"id":"787802203322712114","token":"CTENiXMPRlyYyHjgZtJf4AHwFPurXza4qlGRkff4MuU1_2IjWnF4UgxYWlUoUx55i-Np","storage":"1","varName":"lmonster1wh","name":"Find Webhook"},{"storage":"0","varName":"","reason":"","name":"Delete Message"},{"channel":"0","varName":"","info":"0","storage":"1","varName2":"canal","name":"Store Channel Info"},{"storage":"0","varName":"","filter":"content.length > 0 && author.id === '${msg.author.id}'","max":"1","time":"60000","iftrue":"0","iftrueVal":"","iffalse":"1","iffalseVal":"","storage2":"1","varName2":"resp","name":"Await Response Call Action"},{"storage":"1","varName":"resp","reason":"","name":"Delete Message"},{"webhook":"1","varName":"lmonster1wh","message":"${tempVars(\"resp\")}","name":"Send Message To Webhook"}]}]