[null,{"name":"webhook","temp":"","event-type":"1","_id":"XnBQv","actions":[{"id":"787802203322712114","token":"CTENiXMPRlyYyHjgZtJf4AHwFPurXza4qlGRkff4MuU1_2IjWnF4UgxYWlUoUx55i-Np","storage":"2","varName":"lmonster1","name":"Find Webhook"},{"id":"787802320355983361","token":"3e3PNzQgl281EVblxeBFSox7X40Mk67IbBWbIZLg7LtYzsYD7i8L2D3olkJYc-c-66H-","storage":"2","varName":"lmonster2","name":"Find Webhook"},{"id":"787812353471283201","token":"COfE8fqswj6x2l1MsElnTwupH54QClzotpe5Vi8yL43x-0hOORh_94Dupo_Xk_fCRwcv","storage":"2","varName":"lmonster3","name":"Find Webhook"}]},{"name":"NewEvent","temp":"${tempVars(\"resp\")}","event-type":"2","_id":"vaIiZ","actions":[]}]